{"cameraMode":{"drawMode":0,"name":"Shaded","section":"Shading Mode"},"sceneLighting":true,"audioPlay":false,"sceneViewState":{"showFog":false,"showMaterialUpdate":false,"showSkybox":false,"showFlares":false,"showImageEffects":false,"showParticleSystems":false},"in2DMode":false,"pivot":{"x":0.348682701587677,"y":-0.06343377381563187,"z":-7.927666664123535},"rotation":{"x":0.26121020317077639,"y":-0.01993791200220585,"z":0.005490488838404417,"w":0.9651521444320679},"size":35.400333404541019,"orthographic":false}